group,loglik for men's names,loglik for women's names,combined loglik,n_participants,n_observations_mens_names,n_observations_womens_names,n_observations_total
Democrat,-1.8791426671987803,-1.2408969515222745,-1.5658371531232051,128,391,377,768
Non-Partisan,-1.6511467037868022,-0.9716761388427927,-1.317882569552359,35,107,103,210
Republican,-1.6324705960585804,-0.9035258923836522,-1.2702480735534505,108,326,322,648
progressive,-1.8418149257210714,-1.206711668811126,-1.5372005858327868,90,281,259,540
moderate,-1.7493844065351127,-0.9714810717326059,-1.3834817268317139,90,286,254,540
conservative,-1.6565329186705977,-1.0364761796888495,-1.328334388330444,91,257,289,546
