group,loglik for men's names,loglik for women's names,combined loglik,n_participants,n_observations_mens_names,n_observations_womens_names,n_observations_total
Democrat,-0.7756557766002057,0.5898555247723246,-0.10534619246290733,0,0,0,0
Non-Partisan,-0.6696486501751582,0.887740500703075,0.0942136476365466,0,0,0,0
Republican,-0.6457093379557388,1.0560666192953618,0.19992624574002338,0,0,0,0
progressive,-0.7859485557979264,0.6423780266965093,-0.10088080604596528,0,0,0,0
moderate,-0.7186966737321498,0.9179730852979551,0.05114428699682505,0,0,0,0
conservative,-0.6188181537991482,0.8800179351024664,0.17452182732276866,0,0,0,0
