group,loglik for men's names,loglik for women's names,combined loglik,n_participants,n_observations_mens_names,n_observations_womens_names,n_observations_total
Democrat,-0.22791958338154258,-1.5102002413481714,-0.857372458451099,128,391,377,768
Non-Partisan,-0.21034426399702646,-1.6384053858892609,-0.9107742428298841,35,107,103,210
Republican,-0.23309086913863405,-1.8862340927438228,-1.0545601870412118,108,326,322,648
progressive,-0.15934086431229627,-1.465562466437958,-0.7858434475540492,90,281,259,540
moderate,-0.22650598281495568,-1.7969795427746367,-0.9652102128700649,90,286,254,540
conservative,-0.30371798728493177,-1.76282055683798,-1.076026856517223,91,257,289,546
