group,loglik for men's names,loglik for women's names,combined loglik,n_participants,n_observations_mens_names,n_observations_womens_names,n_observations_total
Democrat,-1.0035753599817483,-0.9203447165758467,-0.9627186509140065,128,391,377,768
Non-Partisan,-0.8799929141721846,-0.7506648851861859,-0.8165605951933373,35,107,103,210
Republican,-0.8788002070943729,-0.830167473448461,-0.8546339413011884,108,326,322,648
progressive,-0.9452894201102227,-0.8231844397414485,-0.8867242536000145,90,281,259,540
moderate,-0.9452026565471056,-0.8790064574766818,-0.9140659258732398,90,286,254,540
conservative,-0.92253614108408,-0.8828026217355134,-0.9015050291944543,91,257,289,546
