group,loglik for men's names,loglik for women's names,combined loglik,n_participants,n_observations_mens_names,n_observations_womens_names,n_observations_total
Democrat,-0.9396080963350946,-1.422196264069265,-1.1827872902323906,128,889,903,1792
Non-Partisan,-0.7977951985370574,-1.2676089970711961,-1.0346197051450823,35,243,247,490
Republican,-0.7519326286505017,-1.3891119699778707,-1.0713651291307587,108,754,758,1512
progressive,-1.012136724558752,-1.4346938570110352,-1.2271042816237647,90,619,641,1260
moderate,-0.7476777310796949,-1.3347617041124848,-1.0486747521742867,90,614,646,1260
conservative,-0.7818472794855748,-1.3983811574454366,-1.08237124982551,91,653,621,1274
