group,loglik for men's names,loglik for women's names,combined loglik,n_participants,n_observations_mens_names,n_observations_womens_names,n_observations_total
Democrat,-1.2076056881519674,-1.835772579851567,-1.5241429109224711,128,889,903,1792
Non-Partisan,-1.19566853329991,-1.5960822551880771,-1.3975097359659872,35,243,247,490
Republican,-1.2491881996379595,-1.6568464280019979,-1.453556544280774,108,754,758,1512
progressive,-1.209335230640364,-1.8426989737712665,-1.5315464682172728,90,619,641,1260
moderate,-1.2020780502896073,-1.6647419621195292,-1.4392851034976442,90,614,646,1260
conservative,-1.2547356542753385,-1.6928038636817073,-1.4682681174161156,91,653,621,1274
