group,loglik for men's names,loglik for women's names,combined loglik,n_participants,n_observations_mens_names,n_observations_womens_names,n_observations_total
Democrat,-0.9854781378175654,-2.167335136058045,-1.58102326583718,128,889,903,1792
Non-Partisan,-0.8875680971067116,-2.2190429664305564,-1.5587401230719946,35,243,247,490
Republican,-0.716958713440665,-2.27495340427616,-1.498016898396552,108,754,758,1512
progressive,-1.0970442573812325,-2.188603057618468,-1.6523531390892188,90,619,641,1260
moderate,-0.7756599440328494,-2.24152696531776,-1.5272076390725695,90,614,646,1260
conservative,-0.730521257420912,-2.2201303405497224,-1.456617992603791,91,653,621,1274
