group,loglik for men's names,loglik for women's names,combined loglik
Democrat,0.04587004148247087,0.7451388719887799,0.3982359756047895
Non-Partisan,0.0897728985696542,0.9514339693593605,0.5241204179269121
Republican,-0.034973915209836726,0.8858414342982892,0.42665176926579274
progressive,0.08490753282248042,0.753909200607433,0.42524885746545404
moderate,0.027982212953154506,0.906765261205275,0.47853288689828277
conservative,-0.05132602206466286,0.8217491831042858,0.37424674277828096
