group,loglik for men's names,loglik for women's names,combined loglik
Democrat,-0.9854781378175654,-2.167335136058045,-1.58102326583718
Non-Partisan,-0.8875680971067116,-2.2190429664305564,-1.5587401230719946
Republican,-0.716958713440665,-2.27495340427616,-1.498016898396552
progressive,-1.0970442573812325,-2.188603057618468,-1.6523531390892188
moderate,-0.7756599440328494,-2.24152696531776,-1.5272076390725695
conservative,-0.730521257420912,-2.2201303405497224,-1.456617992603791
