group,loglik for men's names,loglik for women's names,combined loglik
Democrat,-1.2076056881519674,-1.835772579851567,-1.5241429109224711
Non-Partisan,-1.19566853329991,-1.5960822551880771,-1.3975097359659872
Republican,-1.2491881996379595,-1.6568464280019979,-1.453556544280774
progressive,-1.209335230640364,-1.8426989737712665,-1.5315464682172728
moderate,-1.2020780502896073,-1.6647419621195292,-1.4392851034976442
conservative,-1.2547356542753385,-1.6928038636817073,-1.4682681174161156
